province,city,city_code,town,latitude,longitude,시설년도,시설유형,품종,area,ORIG_FID,geometry
충청남도,서산시,21,가로림만1단지,36.918892788379196,126.33529982938865,2013,어초,감태,364024.073019,0,POINT (126.33529982938865 36.918892788379196)
충청남도,서산시,21,가로림만2단지,36.91091899972321,126.35319739292902,2013,어초,감태,233886.674985,1,POINT (126.35319739292902 36.91091899972321)
충청남도,서산시,21,가로림만3단지,36.896695810404765,126.34867417894498,2013,어초,감태,416441.532503,2,POINT (126.34867417894498 36.896695810404765)
강원도,고성군,82,가진리,38.368750024000235,128.51874998183348,2018,어초,미역,1514583.63629,3,POINT (128.51874998183348 38.368750024000235)
강원도,삼척시,23,갈남리,37.28187259737217,129.32931493650017,2012,어초,미역,363596.257702,4,POINT (129.32931493650017 37.28187259737217)
경상북도,포항시,11,강사2리,36.05691840681726,129.579876815778,2015,어초,미역,636458.835231,5,POINT (129.579876815778 36.05691840681726)
전라남도,여수시,13,거문도_거문리,34.02167224169091,127.32566666575019,2011,어초,감태,67795.3323551,6,POINT (127.32566666575019 34.02167224169091)
전라남도,여수시,13,거문도_덕촌리,34.0056843628052,127.32213333300001,2010,어초,감태,890484.231882,7,POINT (127.32213333300001 34.0056843628052)
경상북도,울진군,93,거일리,36.70624999591678,129.48124999391678,2018,어초,감태,1548158.02743,8,POINT (129.48124999391678 36.70624999591678)
전라북도,부안군,80,격포,35.61197672437339,126.45803333325011,2012,어초,감태,653236.489598,9,POINT (126.45803333325011 35.61197672437339)
경상북도,영덕군,77,경정리,36.481286887799854,129.44346552708055,2019,어초,감태,1636454.43675,10,POINT (129.44346552708055 36.481286887799854)
제주특별자,제주시,11,고내리,33.47566536101522,126.34514918700017,2013,어초,감태,1395045.22374,11,POINT (126.34514918700017 33.47566536101522)
인천광역시,웅진군,28,고봉포,37.98233514075366,124.69081125331297,2011,어초,감태,79321.5717232,12,POINT (124.69081125331297 37.98233514075366)
제주특별자,제주시,11,고산리1,33.31874999308337,126.15625002458341,2019,어초,미역,1615167.72646,13,POINT (126.15625002458341 33.31874999308337)
제주특별자,제주시,11,고산리2,33.30624999758345,126.15625001308342,2019,어초,감태,1615392.68367,14,POINT (126.15625001308342 33.30624999758345)
제주특별자,제주시,11,고산리3,33.29375003116667,126.1562499876668,2019,어초,감태,1615622.27995,15,POINT (126.1562499876668 33.29375003116667)
제주특별자,제주시,11,고산리4,33.28125002266677,126.15624997600014,2019,어초,감태,1615851.86481,16,POINT (126.15624997600014 33.28125002266677)
제주특별자,제주시,11,고산리5,33.281250011583325,126.16874997208345,2019,어초,미역,1615825.60103,17,POINT (126.16874997208345 33.281250011583325)
제주특별자,서귀포시,13,고성_신양리,33.438354019146516,126.93456875563004,2013,어초,감태,2151821.27271,18,POINT (126.93456875563004 33.438354019146516)
경상북도,울진군,93,고포리,37.14156998245278,129.37033941903655,2016,어초,감태,629521.038619,19,POINT (129.37033941903655 37.14156998245278)
강원도,속초시,21,교동,38.20662640119224,128.6105994065001,2016,어초,미역,1865171.84765,20,POINT (128.6105994065001 38.20662640119224)
강원도,고성군,82,교암리,38.288369702787065,128.55532163190833,2016,어초,감태,1576091.5113,21,POINT (128.55532163190833 38.288369702787065)
경상북도,포항시,11,구룡포,35.99223496487684,129.57053749950012,2012,어초,감태,718460.807979,22,POINT (129.57053749950012 35.99223496487684)
경상북도,포항시,11,구만2리,36.08117242177627,129.5438540679902,2013,어초,미역,411073.732928,23,POINT (129.5438540679902 36.08117242177627)
울산광역시,북구,31,구유동_판지,35.61276131441144,129.45957083300016,2016,어초,감태,240574.681284,24,POINT (129.45957083300016 35.61276131441144)
경상남도,거제시,31,구조라_망치,34.80620296574119,128.67811666625005,2017,어초,감태,1404530.24792,25,POINT (128.67811666625005 34.80620296574119)
경기도,화성시,59,국화도,37.064125000354295,126.55119999981673,2010,어초,미역,15852.8430755,26,POINT (126.55119999981673 37.064125000354295)
경상북도,영덕군,77,금곡리,36.64375000350003,129.4187499691667,2018,어초,감태,1549375.34169,27,POINT (129.4187499691667 36.64375000350003)
강원도,양양군,83,기사문리,38.00006959734475,128.74447451850017,2011,어초,미역,1115579.52601,28,POINT (128.74447451850017 38.00006959734475)
경상북도,울진군,93,기성리,36.8113842706112,129.4609854960545,2016,어초,감태,341098.457439,29,POINT (129.4609854960545 36.8113842706112)
부산광역시,기장군,26,길천리,35.320990714963216,129.27812839900014,2015,어초,감태,879856.245429,30,POINT (129.27812839900014 35.320990714963216)
제주특별자,제주시,11,김녕리,33.567283735951264,126.75074091551619,2015,어초,감태,6477269.62761,31,POINT (126.75074091551619 33.567283735951264)
경상북도,울진군,93,나곡리,37.12831210138296,129.37602358040363,2016,어초,감태,533770.402132,32,POINT (129.37602358040363 37.12831210138296)
경상북도,경주시,13,나정2리,35.76862856070784,129.49909916297827,2017,어초,미역,974473.389495,33,POINT (129.49909916297827 35.76862856070784)
강원도,양양군,83,남애1_2리,37.93765670616665,128.7940565837331,2016,어초,감태,1844331.75724,34,POINT (128.7940565837331 37.93765670616665)
제주특별자,서귀포시,13,남원리,33.27273162395011,126.71636655656403,2014,어초,감태,2219557.38093,35,POINT (126.71636655656403 33.27273162395011)
충청남도,보령시,18,녹도리,36.27462961469297,126.25683129786046,2015,어초,미역,1635840.43321,36,POINT (126.25683129786046 36.27462961469297)
경상남도,통영시,22,능양,34.80625000250012,128.24375000933344,2018,어초,미역,1585017.04559,37,POINT (128.24375000933344 34.80625000250012)
경상남도,거제시,31,다대리,34.73429933906516,128.63929999950017,2009,어초,미역,246889.400376,38,POINT (128.63929999950017 34.73429933906516)
경상남도,거제시,31,다포리,34.72040977273889,128.63305904552374,2009,어초,감태,191661.18337,39,POINT (128.63305904552374 34.72040977273889)
경상남도,고성군,82,당항리,35.05176063805942,128.39938262409862,2015,어초,감태,1455318.5303,40,POINT (128.39938262409862 35.05176063805942)
경상북도,영덕군,77,대진1리,36.568749981833435,129.43124998300004,2018,어초,미역,1550862.64096,41,POINT (129.43124998300004 36.568749981833435)
강원도,고성군,82,대진리,37.58534898192465,129.1106297211801,2018,어초,감태,4388212.27908,42,POINT (129.1106297211801 37.58534898192465)
인천광역시,옹친군,28,대청도,37.8019005846503,124.69235827875002,2015,어초,미역,1172081.85136,43,POINT (124.69235827875002 37.8019005846503)
제주특별자,서귀포시,13,대포동,33.23490448801135,126.43907545275488,2012,어초,감태,1106603.80551,44,POINT (126.43907545275488 33.23490448801135)
강원도,삼척시,23,덕산리,37.38125000933337,129.25624999883348,2018,어초,감태,1534642.99565,45,POINT (129.25624999883348 37.38125000933337)
경상북도,울진군,93,덕신리,36.881254151799226,129.4302623398495,2016,어초,감태,2969838.73073,46,POINT (129.4302623398495 36.881254151799226)
인천광역시,옹진군,28,덕적도1단지,37.2354501609704,126.08693603161942,2014,어초,감태,432693.003573,47,POINT (126.08693603161942 37.2354501609704)
인천광역시,옹진군,28,덕적도2단지,37.194426307701576,126.137175633673,2014,어초,감태,304540.091877,48,POINT (126.137175633673 37.194426307701576)
제주특별자,제주시,11,동귀리,33.493845651074935,126.41118300000005,2011,어초,감태,998580.33426,49,POINT (126.41118300000005 33.493845651074935)
전라남도,여수시,13,동도리,34.043749989083494,127.31875000308332,2018,어초,감태,1600042.07758,50,POINT (127.31875000308332 34.043749989083494)
부산광역시,기장군,26,동백리,35.2864421180098,129.26236739024705,2016,어초,감태,452637.120311,51,POINT (129.26236739024705 35.2864421180098)
부산광역시,남구,26,동삼동,35.064003146851746,129.09237071384644,2011,어초,감태,378870.399293,52,POINT (129.09237071384644 35.064003146851746)
제주특별자,제주시,11,두모리,33.344416349987284,126.16581664607384,2017,어초,감태,1239219.59768,53,POINT (126.16581664607384 33.344416349987284)
경상남도,통영시,22,두미도,34.69502652186918,128.17547499900013,2013,어초,감태,1883040.53184,54,POINT (128.17547499900013 34.69502652186918)
전라남도,완도군,89,모동리,34.1465713470314,126.7490583337501,2013,어초,감태,1129087.95338,55,POINT (126.7490583337501 34.1465713470314)
전라남도,완도군,89,모서리,34.20994343843506,126.75919999950008,2012,어초,감태,769414.707056,56,POINT (126.75919999950008 34.20994343843506)
충청남도,보령시,18,무창포,36.24382121258367,126.53293787877647,2010,어초,감태,1646.38116318,57,POINT (126.53293787877647 36.24382121258367)
충청남도,보령시,18,무창포_1단지,36.24539377336038,126.5254916665001,2011,어초,감태,52434.4784457,58,POINT (126.5254916665001 36.24539377336038)
충청남도,보령시,18,무창포_2단지,36.245345790822,126.53130529147131,2011,어초,감태,12915.8649891,59,POINT (126.53130529147131 36.245345790822)
강원도,고성군,82,문암1리,38.30625001241674,128.55625003291675,2019,어초,감태,1515859.90764,60,POINT (128.55625003291675 38.30625001241674)
강원도,양양군,83,물치리,38.15126950656196,128.6161938670673,2014,어초,미역,1537814.0049,61,POINT (128.6161938670673 38.15126950656196)
강원도,고성군,82,반암리,38.43859808380131,128.46414623283727,2017,어초,감태,1023948.70152,62,POINT (128.46414623283727 38.43859808380131)
경상북도,포항시,11,방어리,36.213865194034554,129.3900791665002,2014,어초,감태,1069956.09392,63,POINT (129.3900791665002 36.213865194034554)
인천광역시,옹진군,28,백령도,37.976248661442526,124.64326570252501,2017,어초,감태,614767.604739,64,POINT (124.64326570252501 37.976248661442526)
경상북도,영덕군,77,백석2리,36.6223719611441,129.41706018246168,2015,어초,미역,831591.248721,65,POINT (129.41706018246168 36.6223719611441)
제주특별자,서귀포시,13,보목동,33.23451585817048,126.60216733543666,2014,어초,감태,2458266.49203,66,POINT (126.60216733543666 33.23451585817048)
경상북도,영덕군,77,부흥리,36.29342165559535,129.38473232840624,2017,어초,감태,1701161.93598,67,POINT (129.38473232840624 36.29342165559535)
제주특별자,제주시,11,북촌리,33.558052729789665,126.6993872490001,2012,어초,감태,1823705.62272,68,POINT (126.6993872490001 33.558052729789665)
제주특별자,제주시,11,비양리,33.4159283556196,126.2214415000002,2015,어초,감태,4830076.86137,69,POINT (126.2214415000002 33.4159283556196)
제주특별자,서귀포시,13,사계리,33.212303299146924,126.30881316070395,2009,어초,감태,2014052.0634,70,POINT (126.30881316070395 33.212303299146924)
강원도,강릉시,15,사근진,37.82213366060574,128.89256887825013,2009,어초,감태,473029.390387,71,POINT (128.89256887825013 37.82213366060574)
경상남도,통영시,22,사량도,34.83712255060789,128.17601666650012,2011,어초,감태,1369952.64122,72,POINT (128.17601666650012 34.83712255060789)
인천광역시,옹진군,28,사승봉도,37.14525984938177,126.28047374610605,2015,어초,감태,530049.54265,73,POINT (126.28047374610605 37.14525984938177)
경상남도,통영시,22,사이도,34.6687499809168,128.26874997458344,2018,어초,감태,1587595.4698,74,POINT (128.26874997458344 34.6687499809168)
강원도,강릉시,15,사천리,37.84585974869549,128.87504166600013,2013,어초,감태,2314485.07504,75,POINT (128.87504166600013 37.84585974869549)
제주특별자,서귀포시,13,삼달리,33.368749992666835,126.88124998766682,2018,어초,감태,1613012.10253,76,POINT (126.88124998766682 33.368749992666835)
경상북도,영덕군,77,삼사리,36.342946928963386,129.3870370505001,2013,어초,미역,889656.49118,77,POINT (129.3870370505001 36.342946928963386)
전라남도,여수시,13,삼산_초도,34.21642226164988,127.24059777250011,2014,어초,감태,4155195.42337,78,POINT (127.24059777250011 34.21642226164988)
경상북도,포항시,11,삼정3리,36.00549231212261,129.57835612500014,2014,어초,감태,377889.422403,79,POINT (129.57835612500014 36.00549231212261)
제주특별자,서귀포시,13,상모리,33.1938969807008,126.2821525763394,2010,어초,감태,3332990.88456,80,POINT (126.2821525763394 33.1938969807008)
울산광역시,울주군,31,서생,35.35624999900023,129.35625001433345,2018,어초,미역,1574417.54843,81,POINT (129.35625001433345 35.35624999900023)
경상북도,포항시,11,석병2리,36.02589509279585,129.58304719885052,2016,어초,모자반,592634.413516,82,POINT (129.58304719885052 36.02589509279585)
제주특별자,서귀포시,13,성산리,33.46316379657202,126.94219841581764,2017,어초,감태,580486.002199,83,POINT (126.94219841581764 33.46316379657202)
제주특별자,서귀포시,13,세화리,33.30137111115698,126.81565486600005,2015,어초,감태,1284885.68184,84,POINT (126.81565486600005 33.30137111115698)
전라남도,완도군,89,소모도,34.224543937834085,126.76794101663609,2014,어초,미역,2065501.39451,85,POINT (126.76794101663609 34.224543937834085)
전라남도,여수시,13,손죽도,34.294389615450484,127.35688872883748,2017,어초,감태,1294826.38772,86,POINT (127.35688872883748 34.294389615450484)
경상남도,남해군,84,송정_금포_천하,34.71797223972675,128.01838764360195,2017,어초,모자반,1325519.04627,87,POINT (128.01838764360195 34.71797223972675)
강원도,양양군,83,수산리,38.079314583645726,128.68437500900006,2017,어초,감태,1356098.52265,88,POINT (128.68437500900006 38.079314583645726)
제주특별자,서귀포시,13,시흥리,33.480769056182055,126.92121828104962,2017,어초,미역,3310353.09279,89,POINT (126.92121828104962 33.480769056182055)
강원도,삼척시,23,신남,37.265476886227304,129.33504873843276,2011,어초,모자반,509130.858125,90,POINT (129.33504873843276 37.265476886227304)
제주특별자,서귀포시,13,신산리,33.381249992500045,126.89374999450013,2019,어초,감태,1612765.11166,91,POINT (126.89374999450013 33.381249992500045)
경상남도,사천시,24,신수도,34.891825647207554,128.0804958330001,2015,어초,모자반,2759523.72255,92,POINT (128.0804958330001 34.891825647207554)
제주특별자,제주시,11,신엄리,33.4810398770897,126.353488707,2016,어초,감태,959255.687114,93,POINT (126.353488707 33.4810398770897)
전라남도,여수시,13,신월_소호,34.72710943851092,127.67559922447981,2010,어초,모자반,6180725.65669,94,POINT (127.67559922447981 34.72710943851092)
경상북도,포항시,11,신창2리,35.88581975959755,129.53269628832538,2009,어초,감태,350925.536573,95,POINT (129.53269628832538 35.88581975959755)
제주특별자,서귀포시,13,신천리,33.35000000508353,126.86874996783354,2018,어초,감태,3226755.07911,96,POINT (126.86874996783354 33.35000000508353)
제주특별자,서귀포시,13,신흥리2010,33.29830001050618,126.7732284774072,2010,어초,모자반,1051629.69872,97,POINT (126.7732284774072 33.29830001050618)
제주특별자,제주시,11,신흥리2014,33.55899772469746,126.64022266107236,2014,어초,모자반,874623.726498,98,POINT (126.64022266107236 33.55899772469746)
전라남도,여수시,13,안도,34.491253800877246,127.8198128924123,2017,어초,감태,978036.027998,99,POINT (127.8198128924123 34.491253800877246)
경상남도,고성군,82,안장섬,34.893749998333476,128.18125000550015,2019,어초,감태,1583403.06449,100,POINT (128.18125000550015 34.893749998333476)
강원도,동해시,17,어달리,37.567759631431045,129.12400921357425,2013,어초,감태,1089028.00018,101,POINT (129.12400921357425 37.567759631431045)
전라남도,여수시,13,역만도,34.1812500176668,127.35625000983339,2019,어초,감태,1597448.91181,102,POINT (127.35625000983339 34.1812500176668)
경상남도,통영시,22,연대도,34.73623139698219,128.38624166650015,2016,어초,모자반,1149644.12565,103,POINT (128.38624166650015 34.73623139698219)
전라남도,여수시,13,연도리,34.423189070968874,127.81104166575005,2015,어초,감태,18073432.7038,104,POINT (127.81104166575005 34.423189070968874)
경상북도,경주시,13,연동리,35.83275539544502,129.5167293625001,2016,어초,모자반,603672.581279,105,POINT (129.5167293625001 35.83275539544502)
경상북도,포항시,11,영암1리,35.906696205467085,129.5342672811188,2017,어초,감태,1256487.33757,106,POINT (129.5342672811188 35.906696205467085)
강원도,강릉시,15,영진리,37.86003312268957,128.86091018700017,2015,어초,감태,3181482.88637,107,POINT (128.86091018700017 37.86003312268957)
경상북도,포항시,11,오도1리,36.15245984899542,129.40262500025017,2016,어초,감태,16607.4457139,108,POINT (129.40262500025017 36.15245984899542)
경상북도,포항시,11,오도2리,36.16395327608251,129.40408718306378,2016,어초,감태,83021.0844098,109,POINT (129.40408718306378 36.16395327608251)
제주특별자,제주시,11,오봉리1,33.531250004583455,126.94375002225013,2018,어초,모자반,1609963.5003,110,POINT (126.94375002225013 33.531250004583455)
제주특별자,제주시,11,오봉리2,33.53125000183343,126.95625002800011,2018,어초,감태,1609946.14646,111,POINT (126.95625002800011 33.53125000183343)
제주특별자,제주시,11,오봉리3,33.51874999758343,126.94375001358344,2018,어초,감태,1610181.09209,112,POINT (126.94375001358344 33.51874999758343)
강원도,양양군,83,오산리,38.096512518457075,128.66777902099193,2017,어초,감태,1470915.01484,113,POINT (128.66777902099193 38.096512518457075)
전라남도,여수시,13,오천동,34.79787079474437,127.76154223669062,2016,어초,모자반,488622.06494,114,POINT (127.76154223669062 34.79787079474437)
전라남도,고흥군,77,외나로도,34.460207210022986,127.52178316322431,2015,어초,감태,2131215.35796,115,POINT (127.52178316322431 34.460207210022986)
경상남도,통영시,22,욕지,34.6210563654318,128.31204999950012,2012,어초,감태,1292748.84068,116,POINT (128.31204999950012 34.6210563654318)
경상남도,통영시,22,욕지_적도,34.660661146453435,128.31319583300012,2014,어초,감태,608484.282949,117,POINT (128.31319583300012 34.660661146453435)
경상남도,남해군,84,용소리,34.77045085650468,127.92528705620407,2014,어초,감태,1417127.60335,118,POINT (127.92528705620407 34.77045085650468)
부산광역시,남구,26,용호동,35.09907727695145,129.12493333350005,2014,어초,감태,846377.167976,119,POINT (129.12493333350005 35.09907727695145)
경상남도,통영시,22,우도,34.65625002166672,128.34374998783346,2018,어초,모자반,1587800.7304,120,POINT (128.34374998783346 34.65625002166672)
경상북도,영덕군,77,원척리,36.30253408887705,129.38156725417252,2014,어초,미역,531140.097465,121,POINT (129.38156725417252 36.30253408887705)
부산광역시,기장군,26,월내리,35.32156052612896,129.27116662600008,2015,어초,감태,458986.384462,122,POINT (129.27116662600008 35.32156052612896)
제주특별자,제주시,11,월정리,33.56577115730397,126.78788224601226,2017,어초,감태,2250587.21139,123,POINT (126.78788224601226 33.56577115730397)
전라북도,부안군,80,위도,35.59349767092516,126.25301211264787,2015,어초,감태,53952.5509477,124,POINT (126.25301211264787 35.59349767092516)
제주특별자,서귀포시,13,위미1리,33.26545400313421,126.65575374232685,2016,어초,감태,1063696.40666,125,POINT (126.65575374232685 33.26545400313421)
제주특별자,서귀포시,13,위미2리,33.265776313887045,126.67615004892514,2017,어초,감태,873926.486653,126,POINT (126.67615004892514 33.265776313887045)
경기도,안산시,27,육도,37.097860998357476,126.44479166675,2014,어초,모자반,1060282.84691,127,POINT (126.44479166675 37.097860998357476)
경상북도,포항시,11,이가리1,36.193750026166754,129.39375002466682,2019,어초,감태,1558212.35916,128,POINT (129.39375002466682 36.193750026166754)
경상북도,포항시,11,이가리2,36.181250009500104,129.39375004583337,2019,어초,감태,1558466.33755,129,POINT (129.39375004583337 36.181250009500104)
부산광역시,기장군,26,이천리_기장35,35.264272673546316,129.24182500000018,2016,어초,감태,151007.110309,130,POINT (129.24182500000018 35.264272673546316)
부산광역시,기장군,26,이천리_기장36,35.27011994989317,129.25270750050015,2016,어초,미역,258826.932219,131,POINT (129.25270750050015 35.27011994989317)
강원도,양양군,83,인구리,37.96875000658338,128.76875000658345,2018,어초,모자반,1522729.73556,132,POINT (128.76875000658345 37.96875000658338)
울산광역시,동구,31,일산동,35.48517868066119,129.43961666625,2015,어초,감태,372724.973517,133,POINT (129.43961666625 35.48517868066119)
경상북도,포항시,11,장길리,35.95565340764466,129.5524831005331,2017,어초,감태,1445428.95589,134,POINT (129.5524831005331 35.95565340764466)
전라북도,군산시,13,장자도,35.81201377028441,126.39209453395029,2011,어초,감태,44373.4916357,135,POINT (126.39209453395029 35.81201377028441)
전라북도,군산시,13,장자도_잘피,35.81193865352242,126.39565996536908,2011,어초,미역,10379.1237549,136,POINT (126.39565996536908 35.81193865352242)
경상남도,거제시,31,저구리,34.69827799590814,128.6006931030854,2015,어초,감태,3737257.56608,137,POINT (128.6006931030854 34.69827799590814)
강원도,양양군,83,전진1리,38.1312500326066,128.63124998304477,2019,어초,감태,1519435.09323,138,POINT (128.63124998304477 38.1312500326066)
강원도,양양군,83,전진2리,38.12033021414675,128.63450555550014,2016,어초,감태,308605.636195,139,POINT (128.63450555550014 38.12033021414675)
경상남도,남해군,84,조도,34.6946608939823,128.05577807250017,2010,어초,미역,419370.762355,140,POINT (128.05577807250017 34.6946608939823)
경상북도,포항시,11,조사리,36.218750035268386,129.39375000529583,2019,어초,감태,1557715.89968,141,POINT (129.39375000529583 36.218750035268386)
제주특별자,제주시,11,조천리,33.548794440762435,126.63403527393871,2016,어초,감태,797216.735366,142,POINT (126.63403527393871 33.548794440762435)
제주특별자,제주시,11,종달리,33.518750023424275,126.91874996583101,2018,어초,감태,1610222.80213,143,POINT (126.91874996583101 33.518750023424275)
강원도,강릉시,15,주문5리,37.90302205582509,128.8357148319103,2014,어초,모자반,835761.218468,144,POINT (128.8357148319103 37.90302205582509)
강원도,강릉시,15,주문리_소돌,37.91480696586217,128.82418706827002,2012,어초,감태,1760143.26492,145,POINT (128.82418706827002 37.91480696586217)
울산광역시,동구,31,주전동,35.55575439142905,129.46131146429548,2012,어초,감태,1773747.84831,146,POINT (129.46131146429548 35.55575439142905)
경상북도,포항시,11,지경리,36.268750022500114,129.38125000866683,2019,어초,감태,1556758.70558,147,POINT (129.38125000866683 36.268750022500114)
경상북도,영덕군,77,창포리,36.409124333503485,129.43278625119103,2010,어초,감태,299960.963267,148,POINT (129.43278625119103 36.409124333503485)
강원도,동해시,17,천곡동,37.525598780691894,129.13062083375019,2010,어초,미역,1412584.11887,149,POINT (129.13062083375019 37.525598780691894)
경상북도,울릉군,94,천부3_4리,37.5493472768398,130.90415972250014,2015,어초,감태,535802.607232,150,POINT (130.90415972250014 37.5493472768398)
전라남도,완도군,89,충도,34.37504889306018,127.07910000000004,2016,어초,감태,1699835.78452,151,POINT (127.07910000000004 34.37504889306018)
경상북도,울릉군,94,태하리,37.51181933823875,130.7959375733692,2014,어초,미역,82329.3751695,152,POINT (130.7959375733692 37.51181933823875)
충청남도,태안군,82,파도리,36.72214913252327,126.14142118065661,2009,어초,감태,1234.69273437,153,POINT (126.14142118065661 36.72214913252327)
제주특별자,서귀포시,13,표선리,33.30492984466042,126.83449865650016,2014,어초,감태,3430594.99149,154,POINT (126.83449865650016 33.30492984466042)
강원도,양양군,83,하광정리,38.018750002404545,128.73124998820276,2018,어초,감태,1521711.3225,155,POINT (128.73124998820276 38.018750002404545)
제주특별자,제주시,11,하도리,33.532699612048646,126.88864100000012,2016,어초,감태,6545825.82998,156,POINT (126.88864100000012 33.532699612048646)
제주특별자,서귀포시,13,하례리,33.25271358491182,126.63537073348266,2015,어초,감태,1749695.33912,157,POINT (126.63537073348266 33.25271358491182)
제주특별자,서귀포시,13,하예동,33.23538417544478,126.3961035000001,2011,어초,감태,2232584.09405,158,POINT (126.3961035000001 33.23538417544478)
제주특별자,제주시,11,한동리,33.550062149126234,126.83432500000004,2016,어초,감태,2010346.19733,159,POINT (126.83432500000004 33.550062149126234)
제주특별자,제주시,11,행원리,33.56291030925411,126.81194163653993,2014,어초,감태,2322640.71589,160,POINT (126.81194163653993 33.56291030925411)
경상북도,울진군,93,현내리,37.00822046142349,129.42288096859875,2011,어초,감태,712530.672618,161,POINT (129.42288096859875 37.00822046142349)
전라남도,완도군,89,황제도,34.193749982083375,127.08125003008342,2019,어초,모자반,1597537.08749,162,POINT (127.08125003008342 34.193749982083375)
충청남도,보령시,18,횡견도,36.2204066434569,126.03368333300011,2016,어초,감태,384287.330961,163,POINT (126.03368333300011 36.2204066434569)
전라북도,부안군,80,부안군 위도면 식도,35.6241251375464,126.2749500000001,2020,어초,감태,808484.918868,164,POINT (126.2749500000001 35.6241251375464)
제주특별자,제주시,11,제주시 귀덕2리,33.44610494285172,126.28058049427591,2020,어초,미역,954364.341629,165,POINT (126.28058049427591 33.44610494285172)
제주특별자,제주시,11,제주시 조일리1,33.51901837699626,126.96888986204249,2020,어초,모자반,1520310.6624,166,POINT (126.96888986204249 33.51901837699626)
제주특별자,제주시,11,제주시 조일리2,33.50699817451232,126.97126491349866,2020,어초,감태,918371.212432,167,POINT (126.97126491349866 33.50699817451232)
제주특별자,제주시,11,제주시 하귀2리(귀일),33.49399926578849,126.39395572965532,2020,어초,감태,1539256.43295,168,POINT (126.39395572965532 33.49399926578849)
제주특별자,제주시,11,제주시 화북동,33.53175553875428,126.56877431662895,2020,어초,모자반,1473873.74263,169,POINT (126.56877431662895 33.53175553875428)
제주특별자,서귀포시,13,서귀포시 강정동,33.23123395494025,126.45622777602273,2020,어초,감태,1610211.53715,170,POINT (126.45622777602273 33.23123395494025)
전라북도,부안군,80,부안군 벌금(잘피),35.61224503029638,126.28744080976946,2021,어초,감태,125040.852143,171,POINT (126.28744080976946 35.61224503029638)
제주특별자,제주시,11,제주시 평대리1,33.55208333333337,126.84375,2021,어초,감태,536573.040171,172,POINT (126.84375 33.55208333333337)
제주특별자,제주시,11,제주시 평대리2,33.532318298669054,126.85713067504878,2021,어초,감태,1247115.255,173,POINT (126.85713067504878 33.532318298669054)
제주특별자,제주시,11,제주시 판포리2,33.36945943215568,126.19335591142396,2021,어초,모자반,1414435.33606,174,POINT (126.19335591142396 33.36945943215568)
제주특별자,서귀포시,13,서귀포시 온평리1,33.41856093754109,126.91899068300813,2021,어초,모자반,1543731.11448,175,POINT (126.91899068300813 33.41856093754109)
전라남도,완도군,89,완도군 청계리,34.15205680852205,126.89507468713362,2022,어초,모자반,456012.850056,176,POINT (126.89507468713362 34.15205680852205)
제주특별자,제주시,11,제주시 신흥리,33.55863369206213,126.64687500000002,2022,어초,감태,1326980.90478,177,POINT (126.64687500000002 33.55863369206213)
제주특별자,서귀포시,13,서귀포시 남원리1,33.26806392495678,126.70658170911224,2022,어초,미역,1425298.46107,178,POINT (126.70658170911224 33.26806392495678)
제주특별자,서귀포시,13,서귀포시 중문동,33.240291354190504,126.4168855957912,2022,어초,감태,555030.191112,179,POINT (126.4168855957912 33.240291354190504)
제주특별자,서귀포시,13,서귀포시 태흥1리,33.26875000000001,126.73125000000005,2022,어초,감태,1615062.60251,180,POINT (126.73125000000005 33.26875000000001)
전라남도,여수시,13,여수시 낭도,34.601536596012124,127.55693000321287,2020,어초,미역,354626.639786,181,POINT (127.55693000321287 34.601536596012124)
경상남도,거제시,31,거제시 예구·내도,34.79064602948483,128.71878028572814,2020,어초,감태,657472.528917,182,POINT (128.71878028572814 34.79064602948483)
경상남도,남해군,84,남해군 진동리,34.82853548444518,128.06875000000002,2020,어초,감태,1053488.99977,183,POINT (128.06875000000002 34.82853548444518)
경상남도,남해군,84,남해군 홍현리,34.74587009754896,127.91120328512454,2021,어초,감태,217834.538182,184,POINT (127.91120328512454 34.74587009754896)
경상남도,통영시,22,통영시 양지리,34.792981453577454,128.24410654725034,2021,어초,감태,1330231.48943,185,POINT (128.24410654725034 34.792981453577454)
경상남도,통영시,22,통영시 노대리,34.66694667326374,128.24062500000002,2021,어초,감태,795678.016813,186,POINT (128.24062500000002 34.66694667326374)
전라남도,여수시,13,여수시 개도리,34.565833413946166,127.64315290361901,2021,어초,감태,661692.540942,187,POINT (127.64315290361901 34.565833413946166)
경상남도,통영시,22,통영시 비진리,34.71952957806701,128.4543950223523,2022,어초,모자반,1032134.98703,188,POINT (128.4543950223523 34.71952957806701)
경상남도,통영시,22,통영시 동항리,34.668750000000045,128.30937500000005,2022,어초,감태,1401044.54499,189,POINT (128.30937500000005 34.668750000000045)
경상남도,남해군,84,남해군 석교리,34.75660983084407,127.90903106508893,2022,어초,미역,867244.990341,190,POINT (127.90903106508893 34.75660983084407)
전라남도,여수시,13,여수시 유송리,34.54594703647513,127.7175484307553,2022,어초,감태,927273.171425,191,POINT (127.7175484307553 34.54594703647513)
전라남도,여수시,13,여수시 서도리,34.05901739625756,127.28437500000007,2022,어초,미역,1033322.84592,192,POINT (127.28437500000007 34.05901739625756)
충청남도,보령시,18,보령시 오천면 오도,36.20576907631647,126.05759423179381,2020,어초,감태,99000.3077085,193,POINT (126.05759423179381 36.20576907631647)
인천광역시,옹진군,28,옹진군 덕적면 굴업도,37.19930795685468,125.98783319827032,2020,어초,미역,100095.341371,194,POINT (125.98783319827032 37.19930795685468)
인천광역시,옹진군,28,옹진군 자월면 자월도,37.269420094492034,126.28997290839197,2020,어초,감태,100573.377596,195,POINT (126.28997290839197 37.269420094492034)
경기도,안산시,27,안산시 풍도,37.10625000000016,126.37812500000007,2021,어초,감태,907654.88906,196,POINT (126.37812500000007 37.10625000000016)
경기도,안산시,27,안산시 대부도 선감(염생),37.21392226967458,126.64092944225422,2021,어초,감태,33327.1135811,197,POINT (126.64092944225422 37.21392226967458)
인천광역시,옹진군,28,옹진군 대청도2,37.80692769654911,124.6792284325428,2021,어초,미역,1064181.5024,198,POINT (124.6792284325428 37.80692769654911)
인천광역시,옹진군,28,옹진군 소이작도(잘피),37.17711803443569,126.23128962502676,2022,어초,감태,728902.720958,199,POINT (126.23128962502676 37.17711803443569)
인천광역시,옹진군,28,옹진군 사항포,37.98136962977742,124.65614369579328,2022,어초,미역,1495940.04253,200,POINT (124.65614369579328 37.98136962977742)
강원도,고성군,82,고성군 화포리·초도리,38.480208779851296,128.4441705188043,2020,어초,미역,1265698.63477,201,POINT (128.4441705188043 38.480208779851296)
강원도,고성군,82,고성군 공현진리,38.356284294503666,128.5188358757008,2020,어초,감태,1490975.83596,202,POINT (128.5188358757008 38.356284294503666)
강원도,고성군,82,고성군 오호리,38.331778059306885,128.53253563430098,2020,어초,감태,1091280.6823,203,POINT (128.53253563430098 38.331778059306885)
강원도,속초시,21,속초시 장사동,38.23149211648615,128.5939601073028,2020,어초,감태,1481683.81635,204,POINT (128.5939601073028 38.23149211648615)
강원도,양양군,83,양양군 동호리,38.06908030878071,128.68210610582025,2020,어초,감태,1282159.00816,205,POINT (128.68210610582025 38.06908030878071)
강원도,양양군,83,양양군 인구리·광진리,37.96906538746788,128.76943474451787,2020,어초,감태,1327246.13475,206,POINT (128.76943474451787 37.96906538746788)
강원도,강릉시,15,강릉시 심곡리,37.6684780272102,129.058972308482,2020,어초,감태,839298.920423,207,POINT (129.058972308482 37.6684780272102)
경상북도,영덕군,77,영덕군 축산리,36.51926542933779,129.44667270083312,2020,어초,감태,799618.162154,208,POINT (129.44667270083312 36.51926542933779)
강원도,고성군,82,고성군 교암리,38.281749151975134,128.55734792438125,2021,어초,감태,1211041.40021,209,POINT (128.55734792438125 38.281749151975134)
강원도,양양군,83,양양군 동산리,37.98125669007982,128.7687768797174,2021,어초,모자반,1515044.57005,210,POINT (128.7687768797174 37.98125669007982)
강원도,양양군,83,양양군 광진리,37.958746695814,128.77240606018972,2021,어초,감태,415299.798993,211,POINT (128.77240606018972 37.958746695814)
강원도,강릉시,15,강릉시 금진리,37.643750000000125,129.06875000000014,2021,어초,감태,1529319.74749,212,POINT (129.06875000000014 37.643750000000125)
경상북도,포항시,11,포항시 화진2리,36.24549699213162,129.3832309101233,2021,어초,감태,853632.226588,213,POINT (129.3832309101233 36.24549699213162)
강원도,고성군,82,고성군 청간리,38.26875000000001,128.56875000000002,2022,어초,미역,1516628.78149,214,POINT (128.56875000000002 38.26875000000001)
강원도,속초시,21,속초시 대포동,38.168750000000045,128.61874999999998,2022,어초,감태,1518668.50989,215,POINT (128.61874999999998 38.168750000000045)
경상북도,포항시,11,포항시 하정2리,35.96842613025211,129.55713289337461,2022,어초,미역,1308860.0966,216,POINT (129.55713289337461 35.96842613025211)
경상북도,포항시,11,포항시 계원1리,35.8652828488419,129.53437500000007,2022,어초,감태,1025337.72718,217,POINT (129.53437500000007 35.8652828488419)
경상북도,포항시,11,포항시 구평2리,35.94349743512521,129.5440807307416,2022,어초,감태,1467767.72599,218,POINT (129.5440807307416 35.94349743512521)
